uid,bank_id,unit,learning_objectives,title,points,question,choice_A,choice_B,choice_C,choice_D,choice_E,choice_F,choice_G,choice_H,choice_I,choice_J,answer_label,num_choices,format_flags,source_file,source_qid
PHY1-SMH-MESHM-12012025::q-1,PHY1-SMH-MESHM-12012025,11_Simple Harmonic Motion,,Spring-Mass Position Function (Equilibrium Start),1,"A block of mass $m$ is attached to an ideal spring with spring constant $k$ and is placed on a horizontal, frictionless surface. The block undergoes simple harmonic motion with an amplitude $A$. At time $t=0$, the block is passing through the equilibrium position ($x=0$) with a velocity $v$ in the positive $x$-direction. Which of the following expressions correctly describes the position $x(t)$ of the block as a function of time?",$\frac{1}{2}kA^2 \cos^2\left(\sqrt{\frac{k}{m}} t\right)$,$\frac{1}{2}kA^2 \sin^2\left(\sqrt{\frac{k}{m}} t\right)$,$-A\frac{k}{m} \cos\left(\sqrt{\frac{k}{m}} t\right)$,$\frac{1}{2}kA^2 \cos^2\left(\sqrt{\frac{k}{m}} t\right)$,$\frac{1}{2}kA^2 \sin^2\left(\sqrt{\frac{k}{m}} t\right)$,$A \cos\left(\sqrt{\frac{k}{m}} t\right)$,$A\sqrt{\frac{k}{m}} \cos\left(\sqrt{\frac{k}{m}} t\right)$,$-A\sqrt{\frac{k}{m}} \sin\left(\sqrt{\frac{k}{m}} t\right)$,$-A\frac{k}{m} \sin\left(\sqrt{\frac{k}{m}} t\right)$,$A \sin\left(\sqrt{\frac{k}{m}} t\right)$,J,10,duplicate_choices,PHY I Mechanics/11_Simple Harmonic Motion/PHY1-SMH-MESHM-12012025/PHY1-SMH-MESHM-12012025.yaml,q-1
PHY1-SMH-MESHM-12012025::q-2,PHY1-SMH-MESHM-12012025,11_Simple Harmonic Motion,,Spring-Mass Velocity Function (Equilibrium Start),1,"A block of mass $m$ is attached to an ideal spring with spring constant $k$ and is placed on a horizontal, frictionless surface. The block undergoes simple harmonic motion with an amplitude $A$. At time $t=0$, the block is passing through the equilibrium position ($x=0$) with a velocity $v$ in the positive $x$-direction. Which of the following expressions correctly describes the **velocity** $v(t)$ of the block as a function of time?",$-A\frac{k}{m} \sin\left(\sqrt{\frac{k}{m}} t\right)$,$\frac{1}{2}kA^2 \sin^2\left(\sqrt{\frac{k}{m}} t\right)$,$A \sin\left(\sqrt{\frac{k}{m}} t\right)$,$-A\frac{k}{m} \cos\left(\sqrt{\frac{k}{m}} t\right)$,$A\sqrt{\frac{k}{m}} \cos\left(\sqrt{\frac{k}{m}} t\right)$,$\frac{1}{2}kA^2 \cos^2\left(\sqrt{\frac{k}{m}} t\right)$,$A \cos\left(\sqrt{\frac{k}{m}} t\right)$,$\frac{1}{2}kA^2 \cos^2\left(\sqrt{\frac{k}{m}} t\right)$,$-A\sqrt{\frac{k}{m}} \sin\left(\sqrt{\frac{k}{m}} t\right)$,,E,9,duplicate_choices,PHY I Mechanics/11_Simple Harmonic Motion/PHY1-SMH-MESHM-12012025/PHY1-SMH-MESHM-12012025.yaml,q-2
PHY1-SMH-MESHM-12012025::q-3,PHY1-SMH-MESHM-12012025,11_Simple Harmonic Motion,,Spring-Mass Acceleration Function (Equilibrium Start),1,"A block of mass $m$ is attached to an ideal spring with spring constant $k$ and is placed on a horizontal, frictionless surface. The block undergoes simple harmonic motion with an amplitude $A$. At time $t=0$, the block is passing through the equilibrium position ($x=0$) with a velocity $v$ in the positive $x$-direction. Which of the following expressions correctly describes the **acceleration** $a(t)$ of the block as a function of time?",$A \sin\left(\sqrt{\frac{k}{m}} t\right)$,$-A\sqrt{\frac{k}{m}} \sin\left(\sqrt{\frac{k}{m}} t\right)$,$A\sqrt{\frac{k}{m}} \cos\left(\sqrt{\frac{k}{m}} t\right)$,$-A\frac{k}{m} \sin\left(\sqrt{\frac{k}{m}} t\right)$,$A \cos\left(\sqrt{\frac{k}{m}} t\right)$,$\frac{1}{2}kA^2 \sin^2\left(\sqrt{\frac{k}{m}} t\right)$,$\frac{1}{2}kA^2 \cos^2\left(\sqrt{\frac{k}{m}} t\right)$,$-A\frac{k}{m} \cos\left(\sqrt{\frac{k}{m}} t\right)$,,,D,8,,PHY I Mechanics/11_Simple Harmonic Motion/PHY1-SMH-MESHM-12012025/PHY1-SMH-MESHM-12012025.yaml,q-3
PHY1-SMH-MESHM-12012025::q-4,PHY1-SMH-MESHM-12012025,11_Simple Harmonic Motion,,Spring-Mass Kinetic Energy Function (Equilibrium Start),1,"A block of mass $m$ is attached to an ideal spring with spring constant $k$ and is placed on a horizontal, frictionless surface. The block undergoes simple harmonic motion with an amplitude $A$. At time $t=0$, the block is passing through the equilibrium position ($x=0$) with a velocity $v$ in the positive $x$-direction. Which of the following expressions correctly describes the **Kinetic Energy** $K(t)$ of the system as a function of time?",$-A\sqrt{\frac{k}{m}} \sin\left(\sqrt{\frac{k}{m}} t\right)$,$-A\frac{k}{m} \sin\left(\sqrt{\frac{k}{m}} t\right)$,$\frac{1}{2}kA^2 \sin^2\left(\sqrt{\frac{k}{m}} t\right)$,$A\sqrt{\frac{k}{m}} \cos\left(\sqrt{\frac{k}{m}} t\right)$,$A \sin\left(\sqrt{\frac{k}{m}} t\right)$,$-A\frac{k}{m} \cos\left(\sqrt{\frac{k}{m}} t\right)$,$\frac{1}{2}kA^2 \cos^2\left(\sqrt{\frac{k}{m}} t\right)$,$A \cos\left(\sqrt{\frac{k}{m}} t\right)$,,,G,8,,PHY I Mechanics/11_Simple Harmonic Motion/PHY1-SMH-MESHM-12012025/PHY1-SMH-MESHM-12012025.yaml,q-4
PHY1-SMH-MESHM-12012025::q-5,PHY1-SMH-MESHM-12012025,11_Simple Harmonic Motion,,Spring-Mass Potential Energy Function (Equilibrium Start),1,"A block of mass $m$ is attached to an ideal spring with spring constant $k$ and is placed on a horizontal, frictionless surface. The block undergoes simple harmonic motion with an amplitude $A$. At time $t=0$, the block is passing through the equilibrium position ($x=0$) with a velocity $v$ in the positive $x$-direction. Which of the following expressions correctly describes the **Potential Energy** $U(t)$ of the system as a function of time?",$A\sqrt{\frac{k}{m}} \cos\left(\sqrt{\frac{k}{m}} t\right)$,$\frac{1}{2}kA^2 \cos^2\left(\sqrt{\frac{k}{m}} t\right)$,$\frac{1}{2}kA^2 \sin^2\left(\sqrt{\frac{k}{m}} t\right)$,$A \sin\left(\sqrt{\frac{k}{m}} t\right)$,$-A\frac{k}{m} \sin\left(\sqrt{\frac{k}{m}} t\right)$,$A \cos\left(\sqrt{\frac{k}{m}} t\right)$,$-A\sqrt{\frac{k}{m}} \sin\left(\sqrt{\frac{k}{m}} t\right)$,$-A\frac{k}{m} \cos\left(\sqrt{\frac{k}{m}} t\right)$,,,C,8,,PHY I Mechanics/11_Simple Harmonic Motion/PHY1-SMH-MESHM-12012025/PHY1-SMH-MESHM-12012025.yaml,q-5
PHY1-SMH-MESHM-12012025::q-6,PHY1-SMH-MESHM-12012025,11_Simple Harmonic Motion,,Spring-Mass Position Function (Displacement Start),1,"A block of mass $m$ is attached to an ideal spring with spring constant $k$ and is placed on a horizontal, frictionless surface. The block undergoes simple harmonic motion with an amplitude $A$, assuming that the block is at $x=0$ when the spring is at equilibrium length. At time $t=0$, the block is released from rest at the maximum displacement position ($x=A$). Which of the following expressions correctly describes the position $x(t)$ of the block as a function of time?",$-A\frac{k}{m} \sin\left(\sqrt{\frac{k}{m}} t\right)$,$-A\sqrt{\frac{k}{m}} \sin\left(\sqrt{\frac{k}{m}} t\right)$,$A\sqrt{\frac{k}{m}} \cos\left(\sqrt{\frac{k}{m}} t\right)$,$\frac{1}{2}kA^2 \sin^2\left(\sqrt{\frac{k}{m}} t\right)$,$\frac{1}{2}kA^2 \cos^2\left(\sqrt{\frac{k}{m}} t\right)$,$-A\frac{k}{m} \cos\left(\sqrt{\frac{k}{m}} t\right)$,$A \cos\left(\sqrt{\frac{k}{m}} t\right)$,$A \sin\left(\sqrt{\frac{k}{m}} t\right)$,,,G,8,,PHY I Mechanics/11_Simple Harmonic Motion/PHY1-SMH-MESHM-12012025/PHY1-SMH-MESHM-12012025.yaml,q-6
PHY1-SMH-MESHM-12012025::q-7,PHY1-SMH-MESHM-12012025,11_Simple Harmonic Motion,,Spring-Mass Velocity Function (Displacement Start),1,"A block of mass $m$ is attached to an ideal spring with spring constant $k$ and is placed on a horizontal, frictionless surface. The block undergoes simple harmonic motion with an amplitude $A$, assuming that the block is at $x=0$ when the spring is at equilibrium length. At time $t=0$, the block is released from rest at the maximum displacement position ($x=A$). Which of the following expressions correctly describes the **velocity** $v(t)$ of the block as a function of time?",$A\sqrt{\frac{k}{m}} \cos\left(\sqrt{\frac{k}{m}} t\right)$,$A \cos\left(\sqrt{\frac{k}{m}} t\right)$,$-A\frac{k}{m} \cos\left(\sqrt{\frac{k}{m}} t\right)$,$-A\sqrt{\frac{k}{m}} \sin\left(\sqrt{\frac{k}{m}} t\right)$,$\frac{1}{2}kA^2 \cos^2\left(\sqrt{\frac{k}{m}} t\right)$,$\frac{1}{2}kA^2 \sin^2\left(\sqrt{\frac{k}{m}} t\right)$,$-A\frac{k}{m} \sin\left(\sqrt{\frac{k}{m}} t\right)$,$A \sin\left(\sqrt{\frac{k}{m}} t\right)$,,,D,8,,PHY I Mechanics/11_Simple Harmonic Motion/PHY1-SMH-MESHM-12012025/PHY1-SMH-MESHM-12012025.yaml,q-7
PHY1-SMH-MESHM-12012025::q-8,PHY1-SMH-MESHM-12012025,11_Simple Harmonic Motion,,Spring-Mass Acceleration Function (Displacement Start),1,"A block of mass $m$ is attached to an ideal spring with spring constant $k$ and is placed on a horizontal, frictionless surface. The block undergoes simple harmonic motion with an amplitude $A$, assuming that the block is at $x=0$ when the spring is at equilibrium length. At time $t=0$, the block is released from rest at the maximum displacement position ($x=A$). Which of the following expressions correctly describes the **acceleration** $a(t)$ of the block as a function of time?",$\frac{1}{2}kA^2 \cos^2\left(\sqrt{\frac{k}{m}} t\right)$,$-A\frac{k}{m} \cos\left(\sqrt{\frac{k}{m}} t\right)$,$A \cos\left(\sqrt{\frac{k}{m}} t\right)$,$A\sqrt{\frac{k}{m}} \cos\left(\sqrt{\frac{k}{m}} t\right)$,$\frac{1}{2}kA^2 \sin^2\left(\sqrt{\frac{k}{m}} t\right)$,$-A\sqrt{\frac{k}{m}} \sin\left(\sqrt{\frac{k}{m}} t\right)$,$-A\frac{k}{m} \sin\left(\sqrt{\frac{k}{m}} t\right)$,$A \sin\left(\sqrt{\frac{k}{m}} t\right)$,,,B,8,,PHY I Mechanics/11_Simple Harmonic Motion/PHY1-SMH-MESHM-12012025/PHY1-SMH-MESHM-12012025.yaml,q-8
PHY1-SMH-MESHM-12012025::q-9,PHY1-SMH-MESHM-12012025,11_Simple Harmonic Motion,,Spring-Mass Kinetic Energy Function (Displacement Start),1,"A block of mass $m$ is attached to an ideal spring with spring constant $k$ and is placed on a horizontal, frictionless surface. The block undergoes simple harmonic motion with an amplitude $A$, assuming that the block is at $x=0$ when the spring is at equilibrium length. At time $t=0$, the block is released from rest at the maximum displacement position ($x=A$). Which of the following expressions correctly describes the **Kinetic Energy** $K(t)$ of the system as a function of time?",$\frac{1}{2}kA^2 \sin^2\left(\sqrt{\frac{k}{m}} t\right)$,$A \sin\left(\sqrt{\frac{k}{m}} t\right)$,$-A\sqrt{\frac{k}{m}} \sin\left(\sqrt{\frac{k}{m}} t\right)$,$-A\frac{k}{m} \cos\left(\sqrt{\frac{k}{m}} t\right)$,$\frac{1}{2}kA^2 \cos^2\left(\sqrt{\frac{k}{m}} t\right)$,$-A\frac{k}{m} \sin\left(\sqrt{\frac{k}{m}} t\right)$,$A \cos\left(\sqrt{\frac{k}{m}} t\right)$,$A\sqrt{\frac{k}{m}} \cos\left(\sqrt{\frac{k}{m}} t\right)$,,,A,8,,PHY I Mechanics/11_Simple Harmonic Motion/PHY1-SMH-MESHM-12012025/PHY1-SMH-MESHM-12012025.yaml,q-9
PHY1-SMH-MESHM-12012025::q-10,PHY1-SMH-MESHM-12012025,11_Simple Harmonic Motion,,Spring-Mass Potential Energy Function (Displacement Start),1,"A block of mass $m$ is attached to an ideal spring with spring constant $k$ and is placed on a horizontal, frictionless surface. The block undergoes simple harmonic motion with an amplitude $A$, assuming that the block is at $x=0$ when the spring is at equilibrium length. At time $t=0$, the block is released from rest at the maximum displacement position ($x=A$). Which of the following expressions correctly describes the **Potential Energy** $U(t)$ of the system as a function of time?",$\frac{1}{2}kA^2 \sin^2\left(\sqrt{\frac{k}{m}} t\right)$,$A \cos\left(\sqrt{\frac{k}{m}} t\right)$,$-A\frac{k}{m} \cos\left(\sqrt{\frac{k}{m}} t\right)$,$A\sqrt{\frac{k}{m}} \cos\left(\sqrt{\frac{k}{m}} t\right)$,$-A\frac{k}{m} \sin\left(\sqrt{\frac{k}{m}} t\right)$,$-A\sqrt{\frac{k}{m}} \sin\left(\sqrt{\frac{k}{m}} t\right)$,$\frac{1}{2}kA^2 \cos^2\left(\sqrt{\frac{k}{m}} t\right)$,$A \sin\left(\sqrt{\frac{k}{m}} t\right)$,,,G,8,,PHY I Mechanics/11_Simple Harmonic Motion/PHY1-SMH-MESHM-12012025/PHY1-SMH-MESHM-12012025.yaml,q-10
PHY1-SMH-MESHM-12012025::q-11,PHY1-SMH-MESHM-12012025,11_Simple Harmonic Motion,,Pendulum Angular Position (Equilibrium Start),1,"A simple pendulum consists of a bob of mass $m$ attached to a light string of length $L$ in a region where the acceleration due to gravity is $g$. The pendulum oscillates with a small angular amplitude $\Theta$. At time $t=0$, the pendulum is passing through the vertical equilibrium position ($\theta = 0$) with a tangential velocity $v$. Which of the following expressions correctly describes the **angular position** $\theta(t)$ of the pendulum as a function of time?",$-\Theta\sqrt{\frac{g}{L}} \sin\left(\sqrt{\frac{g}{L}} t\right)$,$\Theta\sqrt{\frac{g}{L}} \cos\left(\sqrt{\frac{g}{L}} t\right)$,$-\Theta\frac{g}{L} \sin\left(\sqrt{\frac{g}{L}} t\right)$,$\frac{1}{2}mgL\Theta^2 \cos^2\left(\sqrt{\frac{g}{L}} t\right)$,$\Theta \sin\left(\sqrt{\frac{g}{L}} t\right)$,$\frac{1}{2}mgL\Theta^2 \sin^2\left(\sqrt{\frac{g}{L}} t\right)$,$\Theta \cos\left(\sqrt{\frac{g}{L}} t\right)$,$-\Theta\frac{g}{L} \cos\left(\sqrt{\frac{g}{L}} t\right)$,,,E,8,,PHY I Mechanics/11_Simple Harmonic Motion/PHY1-SMH-MESHM-12012025/PHY1-SMH-MESHM-12012025.yaml,q-11
PHY1-SMH-MESHM-12012025::q-12,PHY1-SMH-MESHM-12012025,11_Simple Harmonic Motion,,Pendulum Angular Velocity (Equilibrium Start),1,"A simple pendulum consists of a bob of mass $m$ attached to a light string of length $L$ in a region where the acceleration due to gravity is $g$. The pendulum oscillates with a small angular amplitude $\Theta$. At time $t=0$, the pendulum is passing through the vertical equilibrium position ($\theta = 0$) with a tangential velocity $v$. Which of the following expressions correctly describes the **angular velocity** $\omega_{ang}(t)$ of the pendulum as a function of time?",$-\Theta\frac{g}{L} \sin\left(\sqrt{\frac{g}{L}} t\right)$,$\Theta \sin\left(\sqrt{\frac{g}{L}} t\right)$,$-\Theta\frac{g}{L} \cos\left(\sqrt{\frac{g}{L}} t\right)$,$\frac{1}{2}mgL\Theta^2 \cos^2\left(\sqrt{\frac{g}{L}} t\right)$,$-\Theta\sqrt{\frac{g}{L}} \sin\left(\sqrt{\frac{g}{L}} t\right)$,$\frac{1}{2}mgL\Theta^2 \sin^2\left(\sqrt{\frac{g}{L}} t\right)$,$\Theta\sqrt{\frac{g}{L}} \cos\left(\sqrt{\frac{g}{L}} t\right)$,$\Theta \cos\left(\sqrt{\frac{g}{L}} t\right)$,,,G,8,,PHY I Mechanics/11_Simple Harmonic Motion/PHY1-SMH-MESHM-12012025/PHY1-SMH-MESHM-12012025.yaml,q-12
PHY1-SMH-MESHM-12012025::q-13,PHY1-SMH-MESHM-12012025,11_Simple Harmonic Motion,,Pendulum Angular Acceleration (Equilibrium Start),1,"A simple pendulum consists of a bob of mass $m$ attached to a light string of length $L$ in a region where the acceleration due to gravity is $g$. The pendulum oscillates with a small angular amplitude $\Theta$. At time $t=0$, the pendulum is passing through the vertical equilibrium position ($\theta = 0$) with a tangential velocity $v$. Which of the following expressions correctly describes the **angular acceleration** $\alpha(t)$ of the pendulum as a function of time?",$-\Theta\frac{g}{L} \cos\left(\sqrt{\frac{g}{L}} t\right)$,$\frac{1}{2}mgL\Theta^2 \sin^2\left(\sqrt{\frac{g}{L}} t\right)$,$\frac{1}{2}mgL\Theta^2 \cos^2\left(\sqrt{\frac{g}{L}} t\right)$,$-\Theta\frac{g}{L} \sin\left(\sqrt{\frac{g}{L}} t\right)$,$\Theta\sqrt{\frac{g}{L}} \cos\left(\sqrt{\frac{g}{L}} t\right)$,$-\Theta\sqrt{\frac{g}{L}} \sin\left(\sqrt{\frac{g}{L}} t\right)$,$\Theta \sin\left(\sqrt{\frac{g}{L}} t\right)$,$\Theta \cos\left(\sqrt{\frac{g}{L}} t\right)$,,,D,8,,PHY I Mechanics/11_Simple Harmonic Motion/PHY1-SMH-MESHM-12012025/PHY1-SMH-MESHM-12012025.yaml,q-13
PHY1-SMH-MESHM-12012025::q-14,PHY1-SMH-MESHM-12012025,11_Simple Harmonic Motion,,Pendulum Kinetic Energy (Equilibrium Start),1,"A simple pendulum consists of a bob of mass $m$ attached to a light string of length $L$ in a region where the acceleration due to gravity is $g$. The pendulum oscillates with a small angular amplitude $\Theta$. At time $t=0$, the pendulum is passing through the vertical equilibrium position ($\theta = 0$) with a tangential velocity $v$. Which of the following expressions correctly describes the **Kinetic Energy** $K(t)$ of the system as a function of time?",$-\Theta\sqrt{\frac{g}{L}} \sin\left(\sqrt{\frac{g}{L}} t\right)$,$\Theta\sqrt{\frac{g}{L}} \cos\left(\sqrt{\frac{g}{L}} t\right)$,$\frac{1}{2}mgL\Theta^2 \sin^2\left(\sqrt{\frac{g}{L}} t\right)$,$\Theta \cos\left(\sqrt{\frac{g}{L}} t\right)$,$-\Theta\frac{g}{L} \cos\left(\sqrt{\frac{g}{L}} t\right)$,$-\Theta\frac{g}{L} \sin\left(\sqrt{\frac{g}{L}} t\right)$,$\Theta \sin\left(\sqrt{\frac{g}{L}} t\right)$,$\frac{1}{2}mgL\Theta^2 \cos^2\left(\sqrt{\frac{g}{L}} t\right)$,,,H,8,,PHY I Mechanics/11_Simple Harmonic Motion/PHY1-SMH-MESHM-12012025/PHY1-SMH-MESHM-12012025.yaml,q-14
PHY1-SMH-MESHM-12012025::q-15,PHY1-SMH-MESHM-12012025,11_Simple Harmonic Motion,,Pendulum Potential Energy (Equilibrium Start),1,"A simple pendulum consists of a bob of mass $m$ attached to a light string of length $L$ in a region where the acceleration due to gravity is $g$. The pendulum oscillates with a small angular amplitude $\Theta$. At time $t=0$, the pendulum is passing through the vertical equilibrium position ($\theta = 0$) with a tangential velocity $v$. Which of the following expressions correctly describes the **Potential Energy** $U(t)$ of the system as a function of time?",$-\Theta\sqrt{\frac{g}{L}} \sin\left(\sqrt{\frac{g}{L}} t\right)$,$\Theta\sqrt{\frac{g}{L}} \cos\left(\sqrt{\frac{g}{L}} t\right)$,$\Theta \cos\left(\sqrt{\frac{g}{L}} t\right)$,$\frac{1}{2}mgL\Theta^2 \sin^2\left(\sqrt{\frac{g}{L}} t\right)$,$-\Theta\frac{g}{L} \cos\left(\sqrt{\frac{g}{L}} t\right)$,$-\Theta\frac{g}{L} \sin\left(\sqrt{\frac{g}{L}} t\right)$,$\frac{1}{2}mgL\Theta^2 \cos^2\left(\sqrt{\frac{g}{L}} t\right)$,$\Theta \sin\left(\sqrt{\frac{g}{L}} t\right)$,,,D,8,,PHY I Mechanics/11_Simple Harmonic Motion/PHY1-SMH-MESHM-12012025/PHY1-SMH-MESHM-12012025.yaml,q-15
PHY1-SMH-MESHM-12012025::q-16,PHY1-SMH-MESHM-12012025,11_Simple Harmonic Motion,,Pendulum Angular Position (Max Angle Start),1,"A simple pendulum consists of a bob of mass $m$ attached to a light string of length $L$ in a region where the acceleration due to gravity is $g$. The pendulum oscillates with a small angular amplitude $\Theta$. At time $t=0$, the bob is released from rest at the maximum angular displacement ($\theta = \Theta$). Which of the following expressions correctly describes the **angular position** $\theta(t)$ of the pendulum as a function of time?",$\Theta \sin\left(\sqrt{\frac{g}{L}} t\right)$,$-\Theta\frac{g}{L} \sin\left(\sqrt{\frac{g}{L}} t\right)$,$\Theta\sqrt{\frac{g}{L}} \cos\left(\sqrt{\frac{g}{L}} t\right)$,$\frac{1}{2}mgL\Theta^2 \sin^2\left(\sqrt{\frac{g}{L}} t\right)$,$\Theta \cos\left(\sqrt{\frac{g}{L}} t\right)$,$-\Theta\sqrt{\frac{g}{L}} \sin\left(\sqrt{\frac{g}{L}} t\right)$,$-\Theta\frac{g}{L} \cos\left(\sqrt{\frac{g}{L}} t\right)$,$\frac{1}{2}mgL\Theta^2 \cos^2\left(\sqrt{\frac{g}{L}} t\right)$,,,E,8,,PHY I Mechanics/11_Simple Harmonic Motion/PHY1-SMH-MESHM-12012025/PHY1-SMH-MESHM-12012025.yaml,q-16
PHY1-SMH-MESHM-12012025::q-17,PHY1-SMH-MESHM-12012025,11_Simple Harmonic Motion,,Pendulum Angular Velocity (Max Angle Start),1,"A simple pendulum consists of a bob of mass $m$ attached to a light string of length $L$ in a region where the acceleration due to gravity is $g$. The pendulum oscillates with a small angular amplitude $\Theta$. At time $t=0$, the bob is released from rest at the maximum angular displacement ($\theta = \Theta$). Which of the following expressions correctly describes the **angular velocity** $\omega_{ang}(t)$ of the pendulum as a function of time?",$-\Theta\sqrt{\frac{g}{L}} \sin\left(\sqrt{\frac{g}{L}} t\right)$,$\Theta \cos\left(\sqrt{\frac{g}{L}} t\right)$,$-\Theta\frac{g}{L} \sin\left(\sqrt{\frac{g}{L}} t\right)$,$\Theta \sin\left(\sqrt{\frac{g}{L}} t\right)$,$-\Theta\frac{g}{L} \cos\left(\sqrt{\frac{g}{L}} t\right)$,$\Theta\sqrt{\frac{g}{L}} \cos\left(\sqrt{\frac{g}{L}} t\right)$,$\frac{1}{2}mgL\Theta^2 \cos^2\left(\sqrt{\frac{g}{L}} t\right)$,$\frac{1}{2}mgL\Theta^2 \sin^2\left(\sqrt{\frac{g}{L}} t\right)$,,,A,8,,PHY I Mechanics/11_Simple Harmonic Motion/PHY1-SMH-MESHM-12012025/PHY1-SMH-MESHM-12012025.yaml,q-17
PHY1-SMH-MESHM-12012025::q-18,PHY1-SMH-MESHM-12012025,11_Simple Harmonic Motion,,Pendulum Angular Acceleration (Max Angle Start),1,"A simple pendulum consists of a bob of mass $m$ attached to a light string of length $L$ in a region where the acceleration due to gravity is $g$. The pendulum oscillates with a small angular amplitude $\Theta$. At time $t=0$, the bob is released from rest at the maximum angular displacement ($\theta = \Theta$). Which of the following expressions correctly describes the **angular acceleration** $\alpha(t)$ of the pendulum as a function of time?",$-\Theta\frac{g}{L} \cos\left(\sqrt{\frac{g}{L}} t\right)$,$\Theta\sqrt{\frac{g}{L}} \cos\left(\sqrt{\frac{g}{L}} t\right)$,$\Theta \sin\left(\sqrt{\frac{g}{L}} t\right)$,$-\Theta\frac{g}{L} \sin\left(\sqrt{\frac{g}{L}} t\right)$,$\frac{1}{2}mgL\Theta^2 \sin^2\left(\sqrt{\frac{g}{L}} t\right)$,$\Theta \cos\left(\sqrt{\frac{g}{L}} t\right)$,$-\Theta\sqrt{\frac{g}{L}} \sin\left(\sqrt{\frac{g}{L}} t\right)$,$\frac{1}{2}mgL\Theta^2 \cos^2\left(\sqrt{\frac{g}{L}} t\right)$,,,A,8,,PHY I Mechanics/11_Simple Harmonic Motion/PHY1-SMH-MESHM-12012025/PHY1-SMH-MESHM-12012025.yaml,q-18
PHY1-SMH-MESHM-12012025::q-19,PHY1-SMH-MESHM-12012025,11_Simple Harmonic Motion,,Pendulum Kinetic Energy (Max Angle Start),1,"A simple pendulum consists of a bob of mass $m$ attached to a light string of length $L$ in a region where the acceleration due to gravity is $g$. The pendulum oscillates with a small angular amplitude $\Theta$. At time $t=0$, the bob is released from rest at the maximum angular displacement ($\theta = \Theta$). Which of the following expressions correctly describes the **Kinetic Energy** $K(t)$ of the system as a function of time?",$-\Theta\sqrt{\frac{g}{L}} \sin\left(\sqrt{\frac{g}{L}} t\right)$,$\Theta \sin\left(\sqrt{\frac{g}{L}} t\right)$,$\Theta\sqrt{\frac{g}{L}} \cos\left(\sqrt{\frac{g}{L}} t\right)$,$\frac{1}{2}mgL\Theta^2 \sin^2\left(\sqrt{\frac{g}{L}} t\right)$,$\frac{1}{2}mgL\Theta^2 \cos^2\left(\sqrt{\frac{g}{L}} t\right)$,$-\Theta\frac{g}{L} \cos\left(\sqrt{\frac{g}{L}} t\right)$,$-\Theta\frac{g}{L} \sin\left(\sqrt{\frac{g}{L}} t\right)$,$\Theta \cos\left(\sqrt{\frac{g}{L}} t\right)$,,,D,8,,PHY I Mechanics/11_Simple Harmonic Motion/PHY1-SMH-MESHM-12012025/PHY1-SMH-MESHM-12012025.yaml,q-19
PHY1-SMH-MESHM-12012025::q-20,PHY1-SMH-MESHM-12012025,11_Simple Harmonic Motion,,Pendulum Potential Energy (Max Angle Start),1,"A simple pendulum consists of a bob of mass $m$ attached to a light string of length $L$ in a region where the acceleration due to gravity is $g$. The pendulum oscillates with a small angular amplitude $\Theta$. At time $t=0$, the bob is released from rest at the maximum angular displacement ($\theta = \Theta$). Which of the following expressions correctly describes the **Potential Energy** $U(t)$ of the system as a function of time?",$-\Theta\frac{g}{L} \cos\left(\sqrt{\frac{g}{L}} t\right)$,$\frac{1}{2}mgL\Theta^2 \sin^2\left(\sqrt{\frac{g}{L}} t\right)$,$-\Theta\frac{g}{L} \sin\left(\sqrt{\frac{g}{L}} t\right)$,$\Theta\sqrt{\frac{g}{L}} \cos\left(\sqrt{\frac{g}{L}} t\right)$,$\Theta \sin\left(\sqrt{\frac{g}{L}} t\right)$,$-\Theta\sqrt{\frac{g}{L}} \sin\left(\sqrt{\frac{g}{L}} t\right)$,$\Theta \cos\left(\sqrt{\frac{g}{L}} t\right)$,$\frac{1}{2}mgL\Theta^2 \cos^2\left(\sqrt{\frac{g}{L}} t\right)$,,,H,8,,PHY I Mechanics/11_Simple Harmonic Motion/PHY1-SMH-MESHM-12012025/PHY1-SMH-MESHM-12012025.yaml,q-20
PHY1-F-N2LCQELEV-100925::q1,PHY1-F-N2LCQELEV-100925,3_Forces,,Steady Upward Speed in an Elevator,1,A passenger stands on a bathroom scale in an elevator that moves upward at a **constant speed**. Compare the normal force $N$ from the scale with the passenger's weight $W$. Which is greater?,N = W,N < W,N > W,There isn't enough information to decide,,,,,,,A,4,,PHY I Mechanics/3_Forces/PHY1-F-N2LCQELEV-100925/PHY1-F-N2LCQELEV-100925.yml,q1
PHY1-F-N2LCQELEV-100925::q2,PHY1-F-N2LCQELEV-100925,3_Forces,,Speeding Up While Moving Up,1,A delivery crate rests on the floor of an elevator. The elevator is moving **upward and speeding up**. Compare the normal force $N$ exerted by the floor with the crate's weight $W$. Which is greater?,N > W,There isn't enough information to decide,N < W,N = W,,,,,,,A,4,,PHY I Mechanics/3_Forces/PHY1-F-N2LCQELEV-100925/PHY1-F-N2LCQELEV-100925.yml,q2
PHY1-F-N2LCQELEV-100925::q3,PHY1-F-N2LCQELEV-100925,3_Forces,,Slowing Down While Moving Up,1,A person rides an elevator that is moving **upward but slowing down**. Compare the scale's normal force $N$ with the person's weight $W$. Which is greater?,N < W,N = W,N > W,There isn't enough information to decide,,,,,,,A,4,,PHY I Mechanics/3_Forces/PHY1-F-N2LCQELEV-100925/PHY1-F-N2LCQELEV-100925.yml,q3
PHY1-F-N2LCQELEV-100925::q4,PHY1-F-N2LCQELEV-100925,3_Forces,,Speeding Up While Moving Down,1,A tool cart rests on an elevator floor. The elevator is moving **downward and speeding up**. Compare the normal force $N$ from the floor with the cart's weight $W$. Which is greater?,There isn't enough information to decide,N = W,N < W,N > W,,,,,,,C,4,,PHY I Mechanics/3_Forces/PHY1-F-N2LCQELEV-100925/PHY1-F-N2LCQELEV-100925.yml,q4
PHY1-F-N2LCQELEV-100925::q5,PHY1-F-N2LCQELEV-100925,3_Forces,,Slowing Down While Moving Down,1,A sealed box hangs from the elevator ceiling by a vertical rope. The elevator is moving **downward but slowing down**. Compare the rope tension $T$ with the box's weight $W$. Which is greater?,T < W,T > W,T = W,There isn't enough information to decide,,,,,,,B,4,,PHY I Mechanics/3_Forces/PHY1-F-N2LCQELEV-100925/PHY1-F-N2LCQELEV-100925.yml,q5
PHY1-F-N2LCQELEV-100925::q6,PHY1-F-N2LCQELEV-100925,3_Forces,,Rocket Launch from Rest,1,"A small rocket launches vertically upward from rest. The engines produce a constant upward thrust $T$. While the rocket is accelerating upward, how does the thrust compare with its weight $W$?",T = W,T > W,T < W,There isn't enough information to decide,,,,,,,B,4,,PHY I Mechanics/3_Forces/PHY1-F-N2LCQELEV-100925/PHY1-F-N2LCQELEV-100925.yml,q6
PHY1-F-N2LCQELEV-100925::q7,PHY1-F-N2LCQELEV-100925,3_Forces,,Parachutist Falling at Constant Speed,1,A skydiver falls vertically at **constant speed** with the parachute open. Compare the upward air resistance force $F_{\text{air}}$ with the skydiver's weight $W$.,F_air > W,There isn't enough information to decide,F_air < W,F_air = W,,,,,,,D,4,,PHY I Mechanics/3_Forces/PHY1-F-N2LCQELEV-100925/PHY1-F-N2LCQELEV-100925.yml,q7
PHY1-F-N2LCQELEV-100925::q8,PHY1-F-N2LCQELEV-100925,3_Forces,,Bungee Jumper Rebounding Upward,1,"A bungee jumper has just reached the lowest point and is pulled **upward** by the stretched cord. At an instant when she is moving upward and **slowing down**, compare the tension $T$ in the cord with her weight $W$.",There isn't enough information to decide,T > W,T < W,T = W,,,,,,,C,4,,PHY I Mechanics/3_Forces/PHY1-F-N2LCQELEV-100925/PHY1-F-N2LCQELEV-100925.yml,q8
PHY1-F-N2LCQELEV-100925::q9,PHY1-F-N2LCQELEV-100925,3_Forces,,Car Cresting a Hill,1,A car travels over the top of a rounded hill at **constant speed**. Compare the normal force $N$ from the road with the car's weight $W$ at the very top.,There isn't enough information to decide,N > W,N < W,N = W,,,,,,,C,4,,PHY I Mechanics/3_Forces/PHY1-F-N2LCQELEV-100925/PHY1-F-N2LCQELEV-100925.yml,q9
PHY1-F-N2LCQELEV-100925::q10,PHY1-F-N2LCQELEV-100925,3_Forces,,Airplane in Turbulence,1,A coffee cup sits on a tray table in an airplane. The plane suddenly accelerates **upward** for a brief moment. How does the normal force $N$ on the cup compare with its weight $W$ during that instant?,There isn't enough information to decide,N < W,N > W,N = W,,,,,,,C,4,,PHY I Mechanics/3_Forces/PHY1-F-N2LCQELEV-100925/PHY1-F-N2LCQELEV-100925.yml,q10
PHY1-F-N2LCQELEV-100925::q11,PHY1-F-N2LCQELEV-100925,3_Forces,,Subway Train Braking to a Stop,1,A commuter stands on a subway train that is moving forward but **slowing down** as it approaches a station. The horizontal force of the floor on the commuter's shoes is $F_{\text{floor}}$. What is the direction of this force on the commuter?,Downward,Upward,Forward (same direction as motion),Backward (opposite the direction of motion),,,,,,,D,4,,PHY I Mechanics/3_Forces/PHY1-F-N2LCQELEV-100925/PHY1-F-N2LCQELEV-100925.yml,q11
PHY1-F-N2LCQELEV-100925::q12,PHY1-F-N2LCQELEV-100925,3_Forces,,Ice Skater Pushed Horizontally,1,"A skater on frictionless ice is pushed horizontally by a constant force $F_{\text{push}}$. Air resistance is negligible. After the push **ends**, what is her acceleration?",Acceleration reverses direction,Acceleration increases,Acceleration becomes zero,Acceleration continues at the same rate,,,,,,,C,4,,PHY I Mechanics/3_Forces/PHY1-F-N2LCQELEV-100925/PHY1-F-N2LCQELEV-100925.yml,q12
PHY1-F-N2LCQELEV-100925::q13,PHY1-F-N2LCQELEV-100925,3_Forces,,Tug-of-War at Steady Pull,1,"Two teams in a tug-of-war pull so the rope's center **does not accelerate**. If the rope's tension is $T$, what can you say about the forces each team exerts?",The team that wins exerts a greater force,The rope's tension must be zero,Each team exerts an equal and opposite force of magnitude T,Only the heavier team feels a force,,,,,,,C,4,,PHY I Mechanics/3_Forces/PHY1-F-N2LCQELEV-100925/PHY1-F-N2LCQELEV-100925.yml,q13
PHY1-F-N2LCQELEV-100925::q14,PHY1-F-N2LCQELEV-100925,3_Forces,,Satellite Orbiting Earth,1,A satellite moves in a circular orbit around Earth at constant speed. Which statement about the forces is correct?,The gravitational force acts outward,There is no net force because the speed is constant,A forward thrust keeps the satellite moving,The gravitational force equals the centripetal force in magnitude,,,,,,,D,4,,PHY I Mechanics/3_Forces/PHY1-F-N2LCQELEV-100925/PHY1-F-N2LCQELEV-100925.yml,q14
PHY1-F-N2LCQELEV-100925::q15,PHY1-F-N2LCQELEV-100925,3_Forces,,Elevator Cable Failure (Free Fall),1,An elevator-s cable snaps and the elevator falls freely. What does a scale on the floor read during the free fall?,It reads zero,It reads more than the true weight,It fluctuates unpredictably,It reads the person's true weight,,,,,,,A,4,,PHY I Mechanics/3_Forces/PHY1-F-N2LCQELEV-100925/PHY1-F-N2LCQELEV-100925.yml,q15
PHY1-F-SFMC-09162025::q-1,PHY1-F-SFMC-09162025,3_Forces,,Horse Pulling a Plow,1,"A farmer is using a horse to pull a heavy plow across a flat field. The plow rests on a horizontal patch of dry dirt and remains stationary, even though the horse is actively pulling. The horse pulls with a force of 936.8 N through a rope that forms an angle of 57.5° upward with respect to the horizontal. The mass of the plow is 300 kg, and the coefficient of static friction between the plow and the ground is 0.25. Find the magnitude of the static friction.",503.34 N,936.8 N,537.48 N,735.0 N,,,,,,,A,4,,PHY I Mechanics/3_Forces/PHY1-F-SFMC-09162025/PHY1-F-SFMC-09162025.yaml,q-1
PHY1-F-SFMC-09162025::q-2,PHY1-F-SFMC-09162025,3_Forces,,Person Pushing a Couch,1,"A person is trying to push a large couch across a carpeted living room floor. The couch remains stationary on the horizontal surface, even though the person is applying a force of 149.5 N. This force is directed at an angle of 34.8° downward with respect to the horizontal. The mass of the couch is 80 kg, and the coefficient of static friction between the couch and the carpet is 0.15. Find the magnitude of the static friction.",149.5 N,130.40 N,122.76 N,117.6 N,,,,,,,C,4,,PHY I Mechanics/3_Forces/PHY1-F-SFMC-09162025/PHY1-F-SFMC-09162025.yaml,q-2
PHY1-F-SFMC-09162025::q-3,PHY1-F-SFMC-09162025,3_Forces,,Worker Dragging a Suitcase,1,"A worker is dragging a large suitcase across a tiled airport floor, but the suitcase remains stationary on the horizontal surface. The worker is pulling with a force of 30.0 N using a strap that forms an angle of 43.0° upward with respect to the horizontal. The mass of the suitcase is 25 kg, and the coefficient of static friction between the suitcase and the tile is 0.20. Find the magnitude of the static friction.",49.0 N,30.0 N,21.94 N,44.91 N,,,,,,,C,4,,PHY I Mechanics/3_Forces/PHY1-F-SFMC-09162025/PHY1-F-SFMC-09162025.yaml,q-3
PHY1-F-SFMC-09162025::q-4,PHY1-F-SFMC-09162025,3_Forces,,Towing Truck Pulling a Car,1,"A towing truck is pulling a stalled car along a rough horizontal asphalt road, but the car remains stationary. The truck pulls with a force of 1469.1 N using a metal cable that forms an angle of 20.6° upward with respect to the horizontal. The mass of the car is 1200 kg, and the coefficient of static friction between the car's tires and the road is 0.43. Find the magnitude of the static friction.",5056.8 N,1375.17 N,1469.1 N,4834.54 N,,,,,,,B,4,,PHY I Mechanics/3_Forces/PHY1-F-SFMC-09162025/PHY1-F-SFMC-09162025.yaml,q-4
PHY1-F-SFMC-09162025::q-5,PHY1-F-SFMC-09162025,3_Forces,,Worker Pushing a File Cabinet,1,"A factory worker is trying to push a heavy metal file cabinet across a vinyl office floor, but the cabinet remains stationary on the horizontal surface. The worker applies a force of 153.9 N at an angle of 36.2° downward with respect to the horizontal. The mass of the cabinet is 100 kg, and the coefficient of static friction between the cabinet and the vinyl flooring is 0.22. Find the magnitude of the static friction.",153.9 N,124.19 N,215.6 N,235.60 N,,,,,,,B,4,,PHY I Mechanics/3_Forces/PHY1-F-SFMC-09162025/PHY1-F-SFMC-09162025.yaml,q-5
PHY1-F-SFMC-09162025::q-6,PHY1-F-SFMC-09162025,3_Forces,,Dog Pulling a Garden Wagon,1,"A dog is harnessed to a garden wagon loaded with soil, and it attempts to pull the wagon across a compacted dirt path. The wagon remains stationary on the horizontal surface. The dog pulls with a force of 96.5 N through a leash that forms an angle of 17.0° upward with respect to the horizontal. The mass of the wagon is 40 kg, and the coefficient of static friction between the wagon and the dirt is 0.34. Find the magnitude of the static friction.",123.69 N,92.28 N,96.5 N,133.3 N,,,,,,,B,4,,PHY I Mechanics/3_Forces/PHY1-F-SFMC-09162025/PHY1-F-SFMC-09162025.yaml,q-6
PHY1-F-SFMC-09162025::q-7,PHY1-F-SFMC-09162025,3_Forces,,Forklift Pushing a Crate,1,"A forklift is slowly pushing a large wooden crate across a horizontal concrete loading dock, but the crate does not move. The forklift applies a forward force of 1772.2 N using its front plate, which exerts the force at an angle of 49.3° downward with respect to the horizontal. The mass of the crate is 500 kg, and the coefficient of static friction between the crate and the dock is 0.28. Find the magnitude of the static friction.",1772.2 N,1372.0 N,1155.65 N,1748.20 N,,,,,,,C,4,,PHY I Mechanics/3_Forces/PHY1-F-SFMC-09162025/PHY1-F-SFMC-09162025.yaml,q-7
PHY1-F-SFMC-09162025::q-8,PHY1-F-SFMC-09162025,3_Forces,,Child Dragging a Toy Wagon,1,"A child is dragging a toy wagon full of books across a wooden floor, but the wagon does not move. The child pulls with a force of 42.4 N using a rope that forms an angle of 54.8° upward with respect to the horizontal. The mass of the wagon is 10 kg, and the coefficient of static friction between the wagon and the wood is 0.42. Find the magnitude of the static friction.",26.61 N,42.4 N,24.44 N,41.2 N,,,,,,,C,4,,PHY I Mechanics/3_Forces/PHY1-F-SFMC-09162025/PHY1-F-SFMC-09162025.yaml,q-8
PHY1-F-SFMC-09162025::q-9,PHY1-F-SFMC-09162025,3_Forces,,Worker Pushing a Cement Mixer,1,"A construction worker is attempting to push a cement mixer across a horizontal section of pavement, but the mixer stays still. The worker applies a force of 272.3 N at an angle of 57.4° downward with respect to the horizontal. The mass of the mixer is 150 kg, and the coefficient of static friction between the mixer and the pavement is 0.13. Find the magnitude of the static friction.",191.1 N,146.71 N,220.92 N,272.3 N,,,,,,,B,4,,PHY I Mechanics/3_Forces/PHY1-F-SFMC-09162025/PHY1-F-SFMC-09162025.yaml,q-9
PHY1-F-SFMC-09162025::q-10,PHY1-F-SFMC-09162025,3_Forces,,Delivery Robot Pulling a Cart,1,"An autonomous delivery robot is trying to pull a wheeled cart full of packages across a brick-paved courtyard, but the cart remains stationary on the horizontal surface. The robot exerts a pulling force of 184.2 N using a tether that forms an angle of 45.2° upward with respect to the horizontal. The mass of the cart is 60 kg, and the coefficient of static friction between the cart and the bricks is 0.31. Find the magnitude of the static friction.",129.79 N,184.2 N,182.5 N,141.76 N,,,,,,,A,4,,PHY I Mechanics/3_Forces/PHY1-F-SFMC-09162025/PHY1-F-SFMC-09162025.yaml,q-10
PHY1-F-SFMC-09162025::q-11,PHY1-F-SFMC-09162025,3_Forces,,Person Pushing a Bookshelf,1,"A person tries to push a tall bookshelf across a wooden floor, but the bookshelf does not move. The person pushes with a force of 210.0 N at an angle of 25.0° downward with respect to the horizontal. The mass of the bookshelf is 120 kg, and the coefficient of static friction between the bookshelf and the wood is 0.30. Find the magnitude of the static friction.",190.32 N,210.0 N,379.42 N,352.80 N,,,,,,,A,4,,PHY I Mechanics/3_Forces/PHY1-F-SFMC-09162025/PHY1-F-SFMC-09162025.yaml,q-11
PHY1-F-SFMC-09162025::q-12,PHY1-F-SFMC-09162025,3_Forces,,Worker Pulling a Hand Truck,1,"A warehouse worker pulls on a hand truck loaded with boxes across a concrete floor, but the truck remains at rest on the horizontal surface. The worker pulls with a force of 235.0 N using a handle that makes an angle of 40.0° upward with respect to the horizontal. The mass of the loaded hand truck is 90 kg, and the coefficient of static friction is 0.28. Find the magnitude of the static friction.",235.0 N,246.96 N,204.66 N,180.02 N,,,,,,,D,4,,PHY I Mechanics/3_Forces/PHY1-F-SFMC-09162025/PHY1-F-SFMC-09162025.yaml,q-12
PHY1-F-SFMC-09162025::q-13,PHY1-F-SFMC-09162025,3_Forces,,Athlete Pushing a Sled,1,"An athlete pushes a weighted training sled across artificial turf, but the sled does not move. The athlete applies a force of 400.0 N at an angle of 15.0° downward with respect to the horizontal. The mass of the sled is 200 kg, and the coefficient of static friction between the sled and the turf is 0.35. Find the magnitude of the static friction.",686.00 N,722.23 N,400.0 N,386.37 N,,,,,,,D,4,,PHY I Mechanics/3_Forces/PHY1-F-SFMC-09162025/PHY1-F-SFMC-09162025.yaml,q-13
PHY1-F-SFMC-09162025::q-14,PHY1-F-SFMC-09162025,3_Forces,,Gardener Pulling a Lawn Roller,1,"A gardener attempts to pull a cylindrical lawn roller across the grass, but the roller stays still. The gardener pulls with a force of 180.0 N using a rope that makes an angle of 30.0° upward with respect to the horizontal. The mass of the lawn roller is 75 kg, and the coefficient of static friction is 0.25. Find the magnitude of the static friction.",183.75 N,155.88 N,161.25 N,180.0 N,,,,,,,B,4,,PHY I Mechanics/3_Forces/PHY1-F-SFMC-09162025/PHY1-F-SFMC-09162025.yaml,q-14
PHY1-F-SFMC-09162025::q-15,PHY1-F-SFMC-09162025,3_Forces,,Machine Pushing a Steel Drum,1,"A robotic machine pushes a steel drum across a factory floor, but the drum does not move. The machine applies a force of 520.0 N at an angle of 35.0° downward with respect to the horizontal. The drum has a mass of 250 kg, and the coefficient of static friction between the drum and the floor is 0.32. Find the magnitude of the static friction.",425.96 N,784.00 N,520.0 N,879.44 N,,,,,,,A,4,,PHY I Mechanics/3_Forces/PHY1-F-SFMC-09162025/PHY1-F-SFMC-09162025.yaml,q-15
PHY1-F-ACCAC-10082025::q1,PHY1-F-ACCAC-10082025,4_Newton's Laws of Motion,,Worker Pushing a Wooden Crate,3,A worker pushes a wooden crate across a concrete floor. The coefficient of kinetic friction between the crate and the floor is $0.36$. The worker applies a force of $465.64$ N at an angle of $12.74^\circ$ downward with respect to the horizontal. The crate has a mass of $100.00$ kg. The acceleration due to gravity is $9.81$ m/s². What is the magnitude of the crate’s acceleration?,4.56 m/s^2,1.12 m/s^2,1.01 m/s^2,1.38 m/s^2,0.64 m/s^2,,,,,,E,5,,PHY I Mechanics/4_Newton's Laws of Motion/PHY1-N-DACCFMC-10082025/PHY1-N-DACCFMC-10082025.yml,q1
PHY1-F-ACCAC-10082025::q2,PHY1-F-ACCAC-10082025,4_Newton's Laws of Motion,,Dog Pulling a Small Sled,3,A dog pulls a small sled across an icy path. The coefficient of kinetic friction between the sled and the ice is $0.59$. The sled has a mass of $10.21$ kg. The dog pulls the sled using a rope that makes an angle of $31.21^\circ$ above the horizontal and exerts a force of $60.00$ N. The acceleration due to gravity is $9.81$ m/s². What is the magnitude of the sled’s acceleration?,0.09 m/s^2,2.56 m/s^2,2.74 m/s^2,0.76 m/s^2,1.03 m/s^2,,,,,,E,5,,PHY I Mechanics/4_Newton's Laws of Motion/PHY1-N-DACCFMC-10082025/PHY1-N-DACCFMC-10082025.yml,q2
PHY1-F-ACCAC-10082025::q3,PHY1-F-ACCAC-10082025,4_Newton's Laws of Motion,,Person Dragging a Backpack,3,A traveler drags a backpack across an asphalt road. The coefficient of kinetic friction between the backpack and the ground is $0.73$. The person pulls at an angle of $37.92^\circ$ above the horizontal with a force of $59.81$ N. The backpack has a mass of $10.00$ kg. The acceleration due to gravity is $9.81$ m/s². What is the magnitude of the backpack’s acceleration?,5.13 m/s^2,1.18 m/s^2,2.44 m/s^2,3.49 m/s^2,0.24 m/s^2,,,,,,E,5,,PHY I Mechanics/4_Newton's Laws of Motion/PHY1-N-DACCFMC-10082025/PHY1-N-DACCFMC-10082025.yml,q3
PHY1-F-ACCAC-10082025::q4,PHY1-F-ACCAC-10082025,4_Newton's Laws of Motion,,Child Pushing a Toy Box,3,A child pushes a toy box across a sandy playground. The coefficient of kinetic friction between the toy box and the sand is $0.40$. The child applies a force of $41.93$ N at an angle of $32.04^\circ$ downward with respect to the horizontal. The toy box has a mass of $6.00$ kg. The acceleration due to gravity is $9.81$ m/s². What is the magnitude of the toy box’s acceleration?,0.52 m/s^2,7.63 m/s^2,3.48 m/s^2,3.06 m/s^2,2.00 m/s^2,,,,,,A,5,,PHY I Mechanics/4_Newton's Laws of Motion/PHY1-N-DACCFMC-10082025/PHY1-N-DACCFMC-10082025.yml,q4
PHY1-F-ACCAC-10082025::q5,PHY1-F-ACCAC-10082025,4_Newton's Laws of Motion,,Farmer Pulling a Plow with an Ox,3,A farmer uses an ox to pull a plow across a muddy field. The coefficient of kinetic friction between the plow and the ground is $0.61$. The ox pulls with a rope that makes an angle of $37.26^\circ$ above the horizontal and exerts a force of $600.00$ N. The plow has a mass of $103.42$ kg. The acceleration due to gravity is $9.81$ m/s². What is the magnitude of the plow’s acceleration?,2.47 m/s^2,0.78 m/s^2,3.51 m/s^2,0.18 m/s^2,1.37 m/s^2,,,,,,B,5,,PHY I Mechanics/4_Newton's Laws of Motion/PHY1-N-DACCFMC-10082025/PHY1-N-DACCFMC-10082025.yml,q5
PHY1-F-ACCAC-10082025::q6,PHY1-F-ACCAC-10082025,4_Newton's Laws of Motion,,Robot Arm Pushing a Box,3,A robot arm is pushing a box across a smooth factory floor. The coefficient of kinetic friction between the box and the floor is $0.42$. The robot applies a force of $312.17$ N at an angle of $24.53^\circ$ downward with respect to the horizontal. The box has a mass of $50.00$ kg. The acceleration due to gravity is $9.81$ m/s². What is the magnitude of the box’s acceleration?,6.71 m/s^2,2.12 m/s^2,1.56 m/s^2,0.47 m/s^2,2.65 m/s^2,,,,,,D,5,,PHY I Mechanics/4_Newton's Laws of Motion/PHY1-N-DACCFMC-10082025/PHY1-N-DACCFMC-10082025.yml,q6
PHY1-F-ACCAC-10082025::q7,PHY1-F-ACCAC-10082025,4_Newton's Laws of Motion,,Person Dragging a Kayak,3,"A person drags a kayak across wet grass. The coefficient of kinetic friction between the kayak and the grass is $0.57$. The rope makes an angle of $29.74^\circ$ above the horizontal, and the person exerts a force of $260.00$ N. The mass of the kayak is $47.83$ kg. The acceleration due to gravity is $9.81$ m/s². What is the magnitude of the kayak’s acceleration?",2.90 m/s^2,2.41 m/s^2,0.16 m/s^2,0.67 m/s^2,0.87 m/s^2,,,,,,D,5,,PHY I Mechanics/4_Newton's Laws of Motion/PHY1-N-DACCFMC-10082025/PHY1-N-DACCFMC-10082025.yml,q7
PHY1-F-ACCAC-10082025::q8,PHY1-F-ACCAC-10082025,4_Newton's Laws of Motion,,Tow Truck Dragging a Car,3,A tow truck drags a damaged car with locked wheels along a rough gravel road. The coefficient of kinetic friction between the car’s tires and the road is $0.65$. The towing cable makes an angle of $42.31^\circ$ above the horizontal. The mass of the car is $1274.53$ kg. The truck exerts a pulling force of $7500.00$ N. The acceleration due to gravity is $9.81$ m/s². What is the magnitude of the car’s acceleration?,0.49 m/s^2,0.55 m/s^2,2.42 m/s^2,4.60 m/s^2,2.02 m/s^2,,,,,,B,5,,PHY I Mechanics/4_Newton's Laws of Motion/PHY1-N-DACCFMC-10082025/PHY1-N-DACCFMC-10082025.yml,q8
PHY1-F-ACCAC-10082025::q9,PHY1-F-ACCAC-10082025,4_Newton's Laws of Motion,,Construction Worker Pushing a Bin,3,A construction worker pushes a loaded bin across a level surface. The coefficient of kinetic friction between the bin and the surface is $0.38$. The worker applies a force of $274.39$ N at an angle of $18.62^\circ$ downward with respect to the horizontal. The mass of the loaded bin is $55.00$ kg. The acceleration due to gravity is $9.81$ m/s². What is the magnitude of the bin’s acceleration?,1.00 m/s^2,5.32 m/s^2,1.26 m/s^2,0.39 m/s^2,1.61 m/s^2,,,,,,D,5,,PHY I Mechanics/4_Newton's Laws of Motion/PHY1-N-DACCFMC-10082025/PHY1-N-DACCFMC-10082025.yml,q9
PHY1-F-ACCAC-10082025::q10,PHY1-F-ACCAC-10082025,4_Newton's Laws of Motion,,Bulldozer Pushing a Pile of Dirt,3,A bulldozer pushes a pile of dirt across rocky ground. The coefficient of kinetic friction between the dirt and the ground is $0.72$. The bulldozer applies a force of $36000.00$ N at an angle of $25.00^\circ$ downward with respect to the horizontal. The pile of dirt has a mass of $2743.68$ kg. The acceleration due to gravity is $9.81$ m/s². What is the magnitude of the pile’s acceleration?,4.83 m/s^2,12.6 m/s^2,0.84 m/s^2,6.06 m/s^2,8.82 m/s^2,,,,,,C,5,,PHY I Mechanics/4_Newton's Laws of Motion/PHY1-N-DACCFMC-10082025/PHY1-N-DACCFMC-10082025.yml,q10
PHY1-F-ACCAC-10082025::q11,PHY1-F-ACCAC-10082025,4_Newton's Laws of Motion,,Warehouse Worker Pushing a Pallet Skid,3,A warehouse worker pushes a loaded pallet skid across a concrete floor. The pallet skid and its load have a combined mass of $250.00$ kg. The coefficient of kinetic friction between the skid and the floor is $0.28$. The worker applies a force of $980.62$ N at an angle of $25.00^\circ$ downward with respect to the horizontal. Take $g = 9.81$ m/s². What is the magnitude of the pallet skid’s acceleration?,4.40 m/s^2,1.27 m/s^2,0.34 m/s^2,1.18 m/s^2,0.81 m/s^2,,,,,,C,5,,PHY I Mechanics/4_Newton's Laws of Motion/PHY1-N-DACCFMC-10082025/PHY1-N-DACCFMC-10082025.yml,q11
PHY1-F-ACCAC-10082025::q12,PHY1-F-ACCAC-10082025,4_Newton's Laws of Motion,,Gardener Pulling a Tarp of Soil,3,A gardener pulls a large tarp filled with soil across a level lawn. The coefficient of kinetic friction between the tarp and the lawn is $0.45$. The tarp and soil have a combined mass of $60.00$ kg. The gardener pulls at an angle of $35.00^\circ$ above the horizontal with a force of $300.00$ N. Take $g = 9.81$ m/s². What is the magnitude of the tarp’s acceleration?,0.59 m/s^2,0.32 m/s^2,0.97 m/s^2,1.55 m/s^2,1.61 m/s^2,,,,,,C,5,,PHY I Mechanics/4_Newton's Laws of Motion/PHY1-N-DACCFMC-10082025/PHY1-N-DACCFMC-10082025.yml,q12
PHY1-F-ACCAC-10082025::q13,PHY1-F-ACCAC-10082025,4_Newton's Laws of Motion,,Mover Sliding a Bookshelf,3,A mover pushes a heavy bookshelf across a wood floor. The coefficient of kinetic friction between the bookshelf and the floor is $0.28$. The mover applies a force of $500.00$ N at an angle of $15.00^\circ$ downward with respect to the horizontal. The bookshelf’s mass is $146.36$ kg. Take $g = 9.81$ m/s². What is the magnitude of the bookshelf’s acceleration?,0.55 m/s^2,3.63 m/s^2,0.80 m/s^2,0.67 m/s^2,0.31 m/s^2,,,,,,E,5,,PHY I Mechanics/4_Newton's Laws of Motion/PHY1-N-DACCFMC-10082025/PHY1-N-DACCFMC-10082025.yml,q13
PHY1-F-ACCAC-10082025::q14,PHY1-F-ACCAC-10082025,4_Newton's Laws of Motion,,Person Pulling a Cooler on Sand,3,A person pulls a cooler across a sandy beach. The coefficient of kinetic friction between the cooler and the sand is $0.60$. The cooler has a mass of $25.00$ kg. The person pulls the handle at an angle of $40.00^\circ$ above the horizontal with a force of $140.00$ N. Take $g = 9.81$ m/s². What is the magnitude of the cooler’s acceleration?,0.29 m/s^2,1.60 m/s^2,3.76 m/s^2,2.29 m/s^2,0.56 m/s^2,,,,,,E,5,,PHY I Mechanics/4_Newton's Laws of Motion/PHY1-N-DACCFMC-10082025/PHY1-N-DACCFMC-10082025.yml,q14
PHY1-F-ACCAC-10082025::q15,PHY1-F-ACCAC-10082025,4_Newton's Laws of Motion,,ATV Dragging a Log,3,"An ATV (All-Terrain Vehicle) drags a large log along a rough forest path. The coefficient of kinetic friction between the log and the path is $0.80$. The chain makes an angle of $20.00^\circ$ above the horizontal, and the ATV exerts a force of $2300.00$ N. The log’s mass is $309.20$ kg. Take $g = 9.81$ m/s². What is the magnitude of the log’s acceleration?",2.89 m/s^2,0.86 m/s^2,0.41 m/s^2,5.30 m/s^2,1.18 m/s^2,,,,,,E,5,,PHY I Mechanics/4_Newton's Laws of Motion/PHY1-N-DACCFMC-10082025/PHY1-N-DACCFMC-10082025.yml,q15
PHY1-F-ACCAC-10082025::q16,PHY1-F-ACCAC-10082025,4_Newton's Laws of Motion,,Zamboni on an Ice Rink,3,A Zamboni machine is conditioning the ice on a rink. The machine has a mass of $1200.00$ kg. The coefficient of kinetic friction from the conditioning blade on the ice is $0.15$. The net propulsion force from the wheels is applied at an effective angle of $18.00^\circ$ downward with respect to the horizontal. The propulsion force is $2300.00$ N. The acceleration due to gravity is $9.81$ m/s². What is the magnitude of the Zamboni’s acceleration?,2.06 m/s^2,0.44 m/s^2,0.26 m/s^2,0.45 m/s^2,0.35 m/s^2,,,,,,C,5,,PHY I Mechanics/4_Newton's Laws of Motion/PHY1-N-DACCFMC-10082025/PHY1-N-DACCFMC-10082025.yml,q16
PHY1-F-ACCAC-10082025::q17,PHY1-F-ACCAC-10082025,4_Newton's Laws of Motion,,Pushing a Heavy Box,3,A person pushes a heavy box across a level lawn. The box has a mass of $30.00$ kg. The person pushes with a force of $150.00$ N at an angle of $45.00^\circ$ downward from the horizontal. The coefficient of kinetic friction between the box and the grass is $0.26$. The acceleration due to gravity is $9.81$ m/s². What is the magnitude of the box’s acceleration?,6.09 m/s^2,0.98 m/s^2,1.90 m/s^2,2.45 m/s^2,0.07 m/s^2,,,,,,E,5,,PHY I Mechanics/4_Newton's Laws of Motion/PHY1-N-DACCFMC-10082025/PHY1-N-DACCFMC-10082025.yml,q17
PHY1-F-ACCAC-10082025::q18,PHY1-F-ACCAC-10082025,4_Newton's Laws of Motion,,Mountain Rescue Sled,3,"A mountain rescuer pulls a person on a rescue sled across a flat, snowy field. The coefficient of kinetic friction between the sled and the snow is $0.22$. The rescuer pulls on the tow rope with a force of $400.00$ N at an angle of $25.00^\circ$ above the horizontal. The total mass of the person and sled is $162.05$ kg. Take $g = 9.81$ m/s². What is the magnitude of the sled’s acceleration?",0.08 m/s^2,0.31 m/s^2,0.15 m/s^2,0.31 m/s^2,1.12 m/s^2,,,,,,B,5,duplicate_choices,PHY I Mechanics/4_Newton's Laws of Motion/PHY1-N-DACCFMC-10082025/PHY1-N-DACCFMC-10082025.yml,q18
PHY1-F-ACCAC-10082025::q19,PHY1-F-ACCAC-10082025,4_Newton's Laws of Motion,,Child Pulling a Box of Toys,3,A child pulls a box full of toys along a horizontal sidewalk. The total mass of the box and toys is $15.00$ kg. The coefficient of kinetic friction between the box and the sidewalk is $0.55$. The child pulls on a rope that makes an angle of $50.00^\circ$ above the horizontal with a force of $90.00$ N. Take $g = 9.81$ m/s². What is the magnitude of the box’s acceleration?,0.60 m/s^2,1.54 m/s^2,0.99 m/s^2,0.80 m/s^2,4.07 m/s^2,,,,,,C,5,,PHY I Mechanics/4_Newton's Laws of Motion/PHY1-N-DACCFMC-10082025/PHY1-N-DACCFMC-10082025.yml,q19
PHY1-F-ACCAC-10082025::q20,PHY1-F-ACCAC-10082025,4_Newton's Laws of Motion,,Draft Horse Pulling a Stone Block,3,"A draft horse drags a large stone block across level ground. The block has a mass of $1500.00$ kg. The harness and chain make an angle of $12.00^\circ$ above the horizontal. The horse pulls with a force of $9500.00$ N. The acceleration due to gravity is $9.81$ m/s², and the coefficient of kinetic friction between the block and the ground is $0.69$. What is the magnitude of the block’s acceleration?",0.57 m/s^2,0.44 m/s^2,1.48 m/s^2,0.33 m/s^2,5.45 m/s^2,,,,,,D,5,,PHY I Mechanics/4_Newton's Laws of Motion/PHY1-N-DACCFMC-10082025/PHY1-N-DACCFMC-10082025.yml,q20
PHY1-F-CWDVF-10052025::work_problem_1,PHY1-F-CWDVF-10052025,5_Kinetic Energy and Work,,Work Done by a Variable Force 1,10,Situation: An object moves along the x-axis under the influence of a single force given by the expression $F(x) = 5x^4 - 2x^3 + 7x^2 - 10$. Question: What is the work done by this force as the object moves from $x = 0$ to $x = b$?,$\frac{1}{2}((5b^4 - 2b^3 + 7b^2 - 10) + (-10))(b)$,$-(b^5 - \frac{1}{2}b^4 + \frac{7}{3}b^3 - 10b)$,$(5b^4 - 2b^3 + 7b^2 - 10)(b)$,$\frac{d}{dx}[x^5 - \frac{1}{2}x^4 + \frac{7}{3}x^3 - 10x]$,$b^5 - \frac{1}{2}b^4 + \frac{7}{3}b^3 - 10b$,,,,,,E,5,,PHY I Mechanics/5_Kinetic Energy and Work/PHY1-F-CWDVF-10052025/PHY1-F-CWDVF-10052025.yaml,work_problem_1
PHY1-F-CWDVF-10052025::work_problem_2,PHY1-F-CWDVF-10052025,5_Kinetic Energy and Work,,Work Done by a Variable Force 2,10,Situation: A particle travels along the x-axis while being acted upon by a net force described by the function $F(x) = -x^4 + 6x^3 - 3x^2 + 4$. Question: What is the symbolic expression for the work done by the force on the particle as it moves from position $x = 0$ to $x = x_2$?,$-(-\frac{1}{5}x_2^5 + \frac{3}{2}x_2^4 - x_2^3 + 4x_2)$,$\frac{d}{dx}[-\frac{1}{5}x^5 + \frac{3}{2}x^4 - x^3 + 4x]$,$(-x_2^4 + 6x_2^3 - 3x_2^2 + 4)(x_2)$,$-\frac{1}{5}x_2^5 + \frac{3}{2}x_2^4 - x_2^3 + 4x_2$,$\frac{1}{2}((-x_2^4 + 6x_2^3 - 3x_2^2 + 4) + (4))(x_2)$,,,,,,D,5,,PHY I Mechanics/5_Kinetic Energy and Work/PHY1-F-CWDVF-10052025/PHY1-F-CWDVF-10052025.yaml,work_problem_2
PHY1-F-CWDVF-10052025::work_problem_3,PHY1-F-CWDVF-10052025,5_Kinetic Energy and Work,,Work Done by a Variable Force 3,10,Situation: Consider an object displaced along the x-axis by a variable force given by $F(x) = \frac{1}{2}x^4 + 4x^3 - x^2 + 9$. Question: Determine the work done by this force as the object is displaced from the origin $x = 0$ to a final position $x = L$.,$(\frac{1}{2}L^4 + 4L^3 - L^2 + 9)(L)$,$\frac{1}{2}((\frac{1}{2}L^4 + 4L^3 - L^2 + 9) + (9))(L)$,$-(\frac{1}{10}L^5 + L^4 - \frac{1}{3}L^3 + 9L)$,$\frac{d}{dx}[\frac{1}{10}x^5 + x^4 - \frac{1}{3}x^3 + 9x]$,$\frac{1}{10}L^5 + L^4 - \frac{1}{3}L^3 + 9L$,,,,,,E,5,,PHY I Mechanics/5_Kinetic Energy and Work/PHY1-F-CWDVF-10052025/PHY1-F-CWDVF-10052025.yaml,work_problem_3
PHY1-F-CWDVF-10052025::work_problem_4,PHY1-F-CWDVF-10052025,5_Kinetic Energy and Work,,Work Done by a Variable Force 4,10,Situation: A block on a horizontal surface is pushed by a force that varies with position according to the function $F(x) = 8x^4 + x^3 - 5x^2 - 3$. Question: Which expression correctly represents the work done by the force as the block moves from $x = 0$ to $x = d$?,$\frac{1}{2}((8d^4 + d^3 - 5d^2 - 3) + (-3))(d)$,$\frac{d}{dx}[\frac{8}{5}x^5 + \frac{1}{4}x^4 - \frac{5}{3}x^3 - 3x]$,$\frac{8}{5}d^5 + \frac{1}{4}d^4 - \frac{5}{3}d^3 - 3d$,$(8d^4 + d^3 - 5d^2 - 3)(d)$,$-(\frac{8}{5}d^5 + \frac{1}{4}d^4 - \frac{5}{3}d^3 - 3d)$,,,,,,C,5,,PHY I Mechanics/5_Kinetic Energy and Work/PHY1-F-CWDVF-10052025/PHY1-F-CWDVF-10052025.yaml,work_problem_4
PHY1-F-CWDVF-10052025::work_problem_5,PHY1-F-CWDVF-10052025,5_Kinetic Energy and Work,,Work Done by a Variable Force 5,10,"Situation: An object is subject to a position-dependent force $F(x) = k_1x^4 - k_2x^3 + k_3x^2 + k_4$, where $k_1, k_2, k_3,$ and $k_4$ are constants. Question: Find the work done by the force on the object as it moves from $x = 0$ to a final position $x = x_f$.",$\frac{k_1}{5}x_f^5 - \frac{k_2}{4}x_f^4 + \frac{k_3}{3}x_f^3 + k_4x_f$,$\frac{d}{dx}[\frac{k_1}{5}x^5 - \frac{k_2}{4}x^4 + \frac{k_3}{3}x^3 + k_4x]$,$-(\frac{k_1}{5}x_f^5 - \frac{k_2}{4}x_f^4 + \frac{k_3}{3}x_f^3 + k_4x_f)$,$\frac{1}{2}((k_1x_f^4 - k_2x_f^3 + k_3x_f^2 + k_4) + (k_4))(x_f)$,$(k_1x_f^4 - k_2x_f^3 + k_3x_f^2 + k_4)(x_f)$,,,,,,A,5,,PHY I Mechanics/5_Kinetic Energy and Work/PHY1-F-CWDVF-10052025/PHY1-F-CWDVF-10052025.yaml,work_problem_5
PHY1-F-CWDVF-10052025::work_problem_6,PHY1-F-CWDVF-10052025,5_Kinetic Energy and Work,,Work Done by a Variable Force 6,10,"Situation: A force acting on a particle is a function of position, given by $F(x) = -3x^4 + 8x^3 - 6x^2 + 12$. Question: What is the work done by this force on the particle as it moves from $x = 0$ to $x = x_0$?",$-(\frac{-3}{5}x_0^5 + 2x_0^4 - 2x_0^3 + 12x_0)$,$(-3x_0^4 + 8x_0^3 - 6x_0^2 + 12)(x_0)$,$\frac{1}{2}((-3x_0^4 + 8x_0^3 - 6x_0^2 + 12) + (12))(x_0)$,$\frac{d}{dx}[-\frac{3}{5}x^5 + 2x^4 - 2x^3 + 12x]$,$-\frac{3}{5}x_0^5 + 2x_0^4 - 2x_0^3 + 12x_0$,,,,,,E,5,,PHY I Mechanics/5_Kinetic Energy and Work/PHY1-F-CWDVF-10052025/PHY1-F-CWDVF-10052025.yaml,work_problem_6
PHY1-F-CWDVF-10052025::work_problem_7,PHY1-F-CWDVF-10052025,5_Kinetic Energy and Work,,Work Done by a Variable Force 7,10,Situation: The force on an object moving along the x-axis is described by $F(x) = 10x^4 - 9x^3 + 2x^2 - 5$. Question: Calculate the work done by the force as the object moves from $x = 0$ to a final position of $x = L$.,$\frac{1}{2}((10L^4 - 9L^3 + 2L^2 - 5) + (-5))(L)$,$2L^5 - \frac{9}{4}L^4 + \frac{2}{3}L^3 - 5L$,$\frac{d}{dx}[2x^5 - \frac{9}{4}x^4 + \frac{2}{3}x^3 - 5x]$,$(10L^4 - 9L^3 + 2L^2 - 5)(L)$,$-(2L^5 - \frac{9}{4}L^4 + \frac{2}{3}L^3 - 5L)$,,,,,,B,5,,PHY I Mechanics/5_Kinetic Energy and Work/PHY1-F-CWDVF-10052025/PHY1-F-CWDVF-10052025.yaml,work_problem_7
PHY1-F-CWDVF-10052025::work_problem_8,PHY1-F-CWDVF-10052025,5_Kinetic Energy and Work,,Work Done by a Variable Force 8,10,"Situation: An external force is applied to a crate, causing it to move. The force varies with position as $F(x) = 2.5x^4 + 1.5x^3 - 4x^2 + 1$. Question: Which of the following expressions gives the work done by this force from $x = 0$ to $x = x_f$?",$\frac{1}{2}x_f^5 + \frac{3}{8}x_f^4 - \frac{4}{3}x_f^3 + x_f$,$-(\frac{1}{2}x_f^5 + \frac{3}{8}x_f^4 - \frac{4}{3}x_f^3 + x_f)$,$\frac{1}{2}((2.5x_f^4 + 1.5x_f^3 - 4x_f^2 + 1) + (1))(x_f)$,$(2.5x_f^4 + 1.5x_f^3 - 4x_f^2 + 1)(x_f)$,$\frac{d}{dx}[\frac{1}{2}x^5 + \frac{3}{8}x^4 - \frac{4}{3}x^3 + x]$,,,,,,A,5,,PHY I Mechanics/5_Kinetic Energy and Work/PHY1-F-CWDVF-10052025/PHY1-F-CWDVF-10052025.yaml,work_problem_8
PHY1-F-CWDVF-10052025::work_problem_9,PHY1-F-CWDVF-10052025,5_Kinetic Energy and Work,,Work Done by a Variable Force 9,10,Situation: A toy car is propelled by a motor that provides a force given by $F(x) = -4x^4 - 2x^3 + 11x^2 + 6$. Question: Determine the work done by the motor as the car travels from the origin $x = 0$ to a final position $x = L$.,$\frac{1}{2}((-4L^4 - 2L^3 + 11L^2 + 6) + (6))(L)$,$-(-\frac{4}{5}L^5 - \frac{1}{2}L^4 + \frac{11}{3}L^3 + 6L)$,$-\frac{4}{5}L^5 - \frac{1}{2}L^4 + \frac{11}{3}L^3 + 6L$,$(-4L^4 - 2L^3 + 11L^2 + 6)(L)$,$\frac{d}{dx}[-\frac{4}{5}x^5 - \frac{1}{2}x^4 + \frac{11}{3}x^3 + 6x]$,,,,,,C,5,,PHY I Mechanics/5_Kinetic Energy and Work/PHY1-F-CWDVF-10052025/PHY1-F-CWDVF-10052025.yaml,work_problem_9
PHY1-F-CWDVF-10052025::work_problem_10,PHY1-F-CWDVF-10052025,5_Kinetic Energy and Work,,Work Done by a Variable Force 10,10,Situation: A bead on a wire is subjected to a force $F(x) = 7x^4 + 5x^3 - x^2 - 8$. Question: What is the work done by the force in moving the bead from $x = 0$ to $x = a$?,$\frac{1}{2}((7a^4 + 5a^3 - a^2 - 8) + (-8))(a)$,$-(\frac{7}{5}a^5 + \frac{5}{4}a^4 - \frac{1}{3}a^3 - 8a)$,$\frac{7}{5}a^5 + \frac{5}{4}a^4 - \frac{1}{3}a^3 - 8a$,$(7a^4 + 5a^3 - a^2 - 8)(a)$,$\frac{d}{dx}[\frac{7}{5}x^5 + \frac{5}{4}x^4 - \frac{1}{3}x^3 - 8x]$,,,,,,C,5,,PHY I Mechanics/5_Kinetic Energy and Work/PHY1-F-CWDVF-10052025/PHY1-F-CWDVF-10052025.yaml,work_problem_10
PHY1-F-CWDVF-10052025::work_problem_11,PHY1-F-CWDVF-10052025,5_Kinetic Energy and Work,,Work Done by a Variable Force 11,10,Situation: An object is acted upon by a force $F(x) = \frac{1}{4}x^4 - \frac{1}{3}x^3 + \frac{1}{2}x^2 + 1$. Question: Find the work done by this force as the object moves from position $x=0$ to position $x=d$.,$-(\frac{1}{20}d^5 - \frac{1}{12}d^4 + \frac{1}{6}d^3 + d)$,$\frac{1}{20}d^5 - \frac{1}{12}d^4 + \frac{1}{6}d^3 + d$,$(\frac{1}{4}d^4 - \frac{1}{3}d^3 + \frac{1}{2}d^2 + 1)(d)$,$\frac{1}{2}((\frac{1}{4}d^4 - \frac{1}{3}d^3 + \frac{1}{2}d^2 + 1) + (1))(d)$,$\frac{d}{dx}[\frac{1}{20}x^5 - \frac{1}{12}x^4 + \frac{1}{6}x^3 + x]$,,,,,,B,5,,PHY I Mechanics/5_Kinetic Energy and Work/PHY1-F-CWDVF-10052025/PHY1-F-CWDVF-10052025.yaml,work_problem_11
PHY1-F-CWDVF-10052025::work_problem_12,PHY1-F-CWDVF-10052025,5_Kinetic Energy and Work,,Work Done by a Variable Force 12,10,"Situation: A force is defined by the function $F(x) = ax^4 - bx^3 + cx^2 - d$, where $a, b, c,$ and $d$ are positive constants. Question: What is the work done by this force over the interval from $x=0$ to $x=L$?",$\frac{a}{5}L^5 - \frac{b}{4}L^4 + \frac{c}{3}L^3 - dL$,$\frac{1}{2}((aL^4 - bL^3 + cL^2 - d) + (-d))(L)$,$\frac{d}{dx}[\frac{a}{5}x^5 - \frac{b}{4}x^4 + \frac{c}{3}x^3 - dx]$,$(aL^4 - bL^3 + cL^2 - d)(L)$,$-(\frac{a}{5}L^5 - \frac{b}{4}L^4 + \frac{c}{3}L^3 - dL)$,,,,,,A,5,,PHY I Mechanics/5_Kinetic Energy and Work/PHY1-F-CWDVF-10052025/PHY1-F-CWDVF-10052025.yaml,work_problem_12
PHY1-F-CWDVF-10052025::work_problem_13,PHY1-F-CWDVF-10052025,5_Kinetic Energy and Work,,Work Done by a Variable Force 13,10,Situation: The net force on a particle moving in one dimension is given by $F(x) = 9x^4 + 4x^3 - 7x^2 + 2$. Question: Determine the work done by the net force as the particle moves from $x=0$ to $x=x_2$.,$(9x_2^4 + 4x_2^3 - 7x_2^2 + 2)(x_2)$,$\frac{1}{2}((9x_2^4 + 4x_2^3 - 7x_2^2 + 2) + (2))(x_2)$,$\frac{d}{dx}[\frac{9}{5}x^5 + x^4 - \frac{7}{3}x^3 + 2x]$,$-(\frac{9}{5}x_2^5 + x_2^4 - \frac{7}{3}x_2^3 + 2x_2)$,$\frac{9}{5}x_2^5 + x_2^4 - \frac{7}{3}x_2^3 + 2x_2$,,,,,,E,5,,PHY I Mechanics/5_Kinetic Energy and Work/PHY1-F-CWDVF-10052025/PHY1-F-CWDVF-10052025.yaml,work_problem_13
PHY1-F-CWDVF-10052025::work_problem_14,PHY1-F-CWDVF-10052025,5_Kinetic Energy and Work,,Work Done by a Variable Force 14,10,"Situation: A variable force acts on a body, described by $F(x) = -6x^4 + 2x^3 + 5x^2 - 1$. Question: Calculate the work done by this force as the body is displaced from position $x=0$ to position $x=x_B$.",$-(-\frac{6}{5}x_B^5 + \frac{1}{2}x_B^4 + \frac{5}{3}x_B^3 - x_B)$,$\frac{1}{2}((-6x_B^4 + 2x_B^3 + 5x_B^2 - 1) + (-1))(x_B)$,$\frac{d}{dx}[-\frac{6}{5}x^5 + \frac{1}{2}x^4 + \frac{5}{3}x^3 - x]$,$(-6x_B^4 + 2x_B^3 + 5x_B^2 - 1)(x_B)$,$-\frac{6}{5}x_B^5 + \frac{1}{2}x_B^4 + \frac{5}{3}x_B^3 - x_B$,,,,,,E,5,,PHY I Mechanics/5_Kinetic Energy and Work/PHY1-F-CWDVF-10052025/PHY1-F-CWDVF-10052025.yaml,work_problem_14
PHY1-F-CWDVF-10052025::work_problem_15,PHY1-F-CWDVF-10052025,5_Kinetic Energy and Work,,Work Done by a Variable Force 15,10,"Situation: The force exerted by a special spring is not linear and follows the equation $F(x) = -k_4x^4 - k_3x^3 - k_2x^2 - k_1$, where the $k_i$ are constants. Question: What is the work that must be done by an external agent to move an object against this spring force from $x=0$ to a final position $x_f$?",$-\frac{k_4}{5}x_f^5 - \frac{k_3}{4}x_f^4 - \frac{k_2}{3}x_f^3 - k_1x_f$,$\frac{1}{2}((-k_4x_f^4 - k_3x_f^3 - k_2x_f^2 - k_1) + (-k_1))(x_f)$,$\frac{d}{dx}[-\frac{k_4}{5}x^5 - \frac{k_3}{4}x^4 - \frac{k_2}{3}x^3 - k_1x]$,$-(-\frac{k_4}{5}x_f^5 - \frac{k_3}{4}x_f^4 - \frac{k_2}{3}x_f^3 - k_1x_f)$,$(-k_4x_f^4 - k_3x_f^3 - k_2x_f^2 - k_1)(x_f)$,,,,,,A,5,,PHY I Mechanics/5_Kinetic Energy and Work/PHY1-F-CWDVF-10052025/PHY1-F-CWDVF-10052025.yaml,work_problem_15
PHY1-F-CWDVF-10052025::work_problem_16,PHY1-F-CWDVF-10052025,5_Kinetic Energy and Work,,Work Done by a Variable Force 16,10,Situation: A rocket sled is propelled along a track by an engine that produces a thrust force varying with its position $x$ as $F(x) = 12x^4 - 5x^3 + 20x^2 - 100$. Question: What is the work done by the engine as the sled moves from its starting position $x = 0$ to its final position $x = b$?,$\frac{1}{2}((12b^4 - 5b^3 + 20b^2 - 100) + (-100))(b)$,$\frac{d}{dx}[\frac{12}{5}x^5 - \frac{5}{4}x^4 + \frac{20}{3}x^3 - 100x]$,$-(\frac{12}{5}b^5 - \frac{5}{4}b^4 + \frac{20}{3}b^3 - 100b)$,$(12b^4 - 5b^3 + 20b^2 - 100)(b)$,$\frac{12}{5}b^5 - \frac{5}{4}b^4 + \frac{20}{3}b^3 - 100b$,,,,,,E,5,,PHY I Mechanics/5_Kinetic Energy and Work/PHY1-F-CWDVF-10052025/PHY1-F-CWDVF-10052025.yaml,work_problem_16
PHY1-F-CWDVF-10052025::work_problem_17,PHY1-F-CWDVF-10052025,5_Kinetic Energy and Work,,Work Done by a Variable Force 17,10,Situation: The force exerted by a magnetic field on a metallic object moving along the x-axis is given by $F(x) = -2x^4 + 7x^3 - 4x^2 + 9$. Question: Which expression correctly calculates the work done by the magnetic force as the object is displaced from $x=0$ to $x=L$?,$(-2L^4 + 7L^3 - 4L^2 + 9)(L)$,$\frac{1}{2}((-2L^4 + 7L^3 - 4L^2 + 9) + (9))(L)$,$-(\frac{2}{5}L^5 + \frac{7}{4}L^4 - \frac{4}{3}L^3 + 9L)$,$-\frac{2}{5}L^5 + \frac{7}{4}L^4 - \frac{4}{3}L^3 + 9L$,$\frac{d}{dx}[-\frac{2}{5}x^5 + \frac{7}{4}x^4 - \frac{4}{3}x^3 + 9x]$,,,,,,D,5,,PHY I Mechanics/5_Kinetic Energy and Work/PHY1-F-CWDVF-10052025/PHY1-F-CWDVF-10052025.yaml,work_problem_17
PHY1-F-CWDVF-10052025::work_problem_18,PHY1-F-CWDVF-10052025,5_Kinetic Energy and Work,,Work Done by a Variable Force 18,10,"Situation: An object is subject to a restoring force from an exotic material, described by the function $F(x) = -k x^4 - j x^3 - h x^2 - g$, where $k, j, h,$ and $g$ are constants. Question: Determine the work done by this restoring force as the object moves from $x=0$ to a final position $x_2$.",$\frac{1}{2}((-k x_2^4 - j x_2^3 - h x_2^2 - g) + (-g))(x_2)$,$\frac{d}{dx}[-\frac{k}{5}x^5 - \frac{j}{4}x^4 - \frac{h}{3}x^3 - g*x]$,$-\frac{k}{5}x_2^5 - \frac{j}{4}x_2^4 - \frac{h}{3}x_2^3 - g x_2$,$-(-\frac{k}{5}x_2^5 - \frac{j}{4}x_2^4 - \frac{h}{3}x_2^3 - g x_2)$,$(-k x_2^4 - j x_2^3 - h x_2^2 - g)(x_2)$,,,,,,C,5,,PHY I Mechanics/5_Kinetic Energy and Work/PHY1-F-CWDVF-10052025/PHY1-F-CWDVF-10052025.yaml,work_problem_18
PHY1-F-CWDVF-10052025::work_problem_19,PHY1-F-CWDVF-10052025,5_Kinetic Energy and Work,,Work Done by a Variable Force 19,10,Situation: A particle moves under the influence of a force $F(x) = \frac{3}{2}x^4 + \frac{5}{3}x^3 - \frac{1}{4}x^2 + 5$. Question: What is the work done on the particle as it travels from position $x=0$ to $x=d$?,$\frac{3}{10}d^5 + \frac{5}{12}d^4 - \frac{1}{12}d^3 + 5d$,$\frac{d}{dx}[\frac{3}{10}x^5 + \frac{5}{12}x^4 - \frac{1}{12}x^3 + 5x]$,$-(\frac{3}{10}d^5 + \frac{5}{12}d^4 - \frac{1}{12}d^3 + 5d)$,$(\frac{3}{2}d^4 + \frac{5}{3}d^3 - \frac{1}{4}d^2 + 5)(d)$,$\frac{1}{2}((\frac{3}{2}d^4 + \frac{5}{3}d^3 - \frac{1}{4}d^2 + 5) + (5))(d)$,,,,,,A,5,,PHY I Mechanics/5_Kinetic Energy and Work/PHY1-F-CWDVF-10052025/PHY1-F-CWDVF-10052025.yaml,work_problem_19
PHY1-F-CWDVF-10052025::work_problem_20,PHY1-F-CWDVF-10052025,5_Kinetic Energy and Work,,Work Done by a Variable Force 20,10,"Situation: The propulsive force of a small watercraft varies with its distance from the dock, $x$, according to the equation $F(x) = 21x^4 - 16x^3 + 9x^2 - 2$. Question: Find the work done by the propulsion system as the craft moves from $x = 0$ to $x = x_0$.",$\frac{1}{2}((21x_0^4 - 16x_0^3 + 9x_0^2 - 2) + (-2))(x_0)$,$(21x_0^4 - 16x_0^3 + 9x_0^2 - 2)(x_0)$,$\frac{21}{5}x_0^5 - 4x_0^4 + 3x_0^3 - 2x_0$,$-(\frac{21}{5}x_0^5 - 4x_0^4 + 3x_0^3 - 2x_0)$,$\frac{d}{dx}[\frac{21}{5}x^5 - 4x^4 + 3x^3 - 2x]$,,,,,,C,5,,PHY I Mechanics/5_Kinetic Energy and Work/PHY1-F-CWDVF-10052025/PHY1-F-CWDVF-10052025.yaml,work_problem_20
PHY1-F-CWDVF-10052025::work_problem_21,PHY1-F-CWDVF-10052025,5_Kinetic Energy and Work,,Work Done by a Variable Force 21,10,Situation: A piston in an engine is driven by a force that changes with its position $x$ as $F(x) = 15x^4 + 10x^3 - 8x^2 + 3$. Question: Which expression represents the work done by this force during a stroke from $x = 0$ to $x = L$?,$3L^5 + \frac{5}{2}L^4 - \frac{8}{3}L^3 + 3L$,$(15L^4 + 10L^3 - 8L^2 + 3)(L)$,$\frac{d}{dx}[3x^5 + \frac{5}{2}x^4 - \frac{8}{3}x^3 + 3x]$,$-(3L^5 + \frac{5}{2}L^4 - \frac{8}{3}L^3 + 3L)$,$\frac{1}{2}((15L^4 + 10L^3 - 8L^2 + 3) + (3))(L)$,,,,,,A,5,,PHY I Mechanics/5_Kinetic Energy and Work/PHY1-F-CWDVF-10052025/PHY1-F-CWDVF-10052025.yaml,work_problem_21
PHY1-F-CWDVF-10052025::work_problem_22,PHY1-F-CWDVF-10052025,5_Kinetic Energy and Work,,Work Done by a Variable Force 22,10,Situation: A force acting on a particle is given by $F(x) = -x^4 - x^3 - x^2 - 1$. Question: What is the work done by this force as the particle moves from $x=0$ to $x=a$?,$-(-\frac{1}{5}a^5 - \frac{1}{4}a^4 - \frac{1}{3}a^3 - a)$,$\frac{d}{dx}[-\frac{1}{5}x^5 - \frac{1}{4}x^4 - \frac{1}{3}x^3 - x]$,$(-a^4 - a^3 - a^2 - 1)(a)$,$-\frac{1}{5}a^5 - \frac{1}{4}a^4 - \frac{1}{3}a^3 - a$,$\frac{1}{2}((-a^4 - a^3 - a^2 - 1) + (-1))(a)$,,,,,,D,5,,PHY I Mechanics/5_Kinetic Energy and Work/PHY1-F-CWDVF-10052025/PHY1-F-CWDVF-10052025.yaml,work_problem_22
PHY1-F-CWDVF-10052025::work_problem_23,PHY1-F-CWDVF-10052025,5_Kinetic Energy and Work,,Work Done by a Variable Force 23,10,"Situation: The force required to stretch a non-ideal spring is described by the polynomial $F(x) = \alpha x^4 + \beta x^3 + \gamma x^2 + \delta$, where $\alpha, \beta, \gamma,$ and $\delta$ are physical constants. Question: Find the work done in stretching this spring from $x=0$ to a final displacement $x_f$.",$\frac{\alpha}{5}x_f^5 + \frac{\beta}{4}x_f^4 + \frac{\gamma}{3}x_f^3 + \delta x_f$,$(\alpha x_f^4 + \beta x_f^3 + \gamma x_f^2 + \delta)(x_f)$,$\frac{d}{dx}[\frac{\alpha}{5}x^5 + \frac{\beta}{4}x^4 + \frac{\gamma}{3}x^3 + \delta x]$,$\frac{1}{2}((\alpha x_f^4 + \beta x_f^3 + \gamma x_f^2 + \delta) + (\delta))(x_f)$,$-(\frac{\alpha}{5}x_f^5 + \frac{\beta}{4}x_f^4 + \frac{\gamma}{3}x_f^3 + \delta x_f)$,,,,,,A,5,,PHY I Mechanics/5_Kinetic Energy and Work/PHY1-F-CWDVF-10052025/PHY1-F-CWDVF-10052025.yaml,work_problem_23
PHY1-F-CWDVF-10052025::work_problem_24,PHY1-F-CWDVF-10052025,5_Kinetic Energy and Work,,Work Done by a Variable Force 24,10,Situation: An object moves along the x-axis under the influence of a force $F(x) = -8x^4 + 3x^3 - 10x^2 - 5$. Question: What is the work done on the object as it moves from $x=0$ to $x=c$?,$-(-\frac{8}{5}c^5 + \frac{3}{4}c^4 - \frac{10}{3}c^3 - 5c)$,$(-8c^4 + 3c^3 - 10c^2 - 5)(c)$,$\frac{1}{2}((-8c^4 + 3c^3 - 10c^2 - 5) + (-5))(c)$,$-\frac{8}{5}c^5 + \frac{3}{4}c^4 - \frac{10}{3}c^3 - 5c$,$\frac{d}{dx}[-\frac{8}{5}x^5 + \frac{3}{4}x^4 - \frac{10}{3}x^3 - 5x]$,,,,,,D,5,,PHY I Mechanics/5_Kinetic Energy and Work/PHY1-F-CWDVF-10052025/PHY1-F-CWDVF-10052025.yaml,work_problem_24
PHY1-F-CWDVF-10052025::work_problem_25,PHY1-F-CWDVF-10052025,5_Kinetic Energy and Work,,Work Done by a Variable Force 25,10,Situation: The force acting on a block is given by the expression $F(x) = 1.6x^4 - 2.4x^3 + 3.2x^2 + 4.8$. Question: Determine the symbolic expression for the work done by this force as the block moves from $x=0$ to a final position $x_{end}$.,$-(\frac{1.6}{5}x_{end}^5 - 0.6x_{end}^4 + \frac{3.2}{3}x_{end}^3 + 4.8x_{end})$,$\frac{d}{dx}[\frac{1.6}{5}x^5 - 0.6x^4 + \frac{3.2}{3}x^3 + 4.8x]$,$\frac{1.6}{5}x_{end}^5 - 0.6x_{end}^4 + \frac{3.2}{3}x_{end}^3 + 4.8x_{end}$,$(1.6x_{end}^4 - 2.4x_{end}^3 + 3.2x_{end}^2 + 4.8)(x_{end})$,$\frac{1}{2}((1.6x_{end}^4 - 2.4x_{end}^3 + 3.2x_{end}^2 + 4.8) + (4.8))(x_{end})$,,,,,,C,5,,PHY I Mechanics/5_Kinetic Energy and Work/PHY1-F-CWDVF-10052025/PHY1-F-CWDVF-10052025.yaml,work_problem_25
